pmcid,pmid,doi,year,journal,title,nimare_uses
PMC12871203,41648109,10.64898/2026.01.11.698919,2026,bioRxiv,Brain organization of a memory champion,decoding_own_map;subtraction
PMC13613068,42726097,10.1093/bioinformatics/btag681,2026,Bioinformatics,BriGHT: transcriptome-regularized multimodal neuroimaging for brain disorder prediction,
PMC12919052,41727068,10.1101/2025.09.12.675913,2026,bioRxiv,Commonality and Variability in Functional Networks in Children Under 5 Years Old,
PMC12883834,41669565,10.3389/fninf.2025.1623174,2026,Frontiers in Neuroinformatics,Computational reconstruction of evolutionary selection in human brain networks,
PMC13062370,41971052,10.1093/braincomms/fcag112,2026,Brain Communications,Declined connectivity of thalamus and dorsomedial prefrontal cortex in post-stroke cognitive impairment delineated by lesion network mapping,decoding_own_map
PMC12819027,41518865,10.1016/j.dcn.2026.101670,2026,Developmental Cognitive Neuroscience,Developmental organization of neural dynamics supporting social processing: Evidence from naturalistic fMRI in children and adults,decoding_own_map
PMC13046165,41926350,10.1371/journal.pbio.3003666.r006,2026,PLOS Biology,Emotion regulation success involves systematic gradient-based reconfigurations of large-scale activation patterns in the human brain,decoding_own_map
PMC13347403,42423402,10.1093/cercor/bhag078,2026,"Cerebral Cortex (New York, NY)",From localization to distribution: revisiting the functional organization of the extrastriate body area,ale_cbma
PMC13598154,41951830,10.1038/s41386-026-02396-0,2026,Neuropsychopharmacology,Identification of an intrusive-hypervigilant phenotype of posttraumatic stress symptoms with unique stress peptide and amygdala functional connectivity profiles,decoding_own_map
PMC13086094,42006781,10.64898/2026.04.07.26350339,2026,medRxiv,"Meta analysis of glucose metabolism across Alzheimer’s, Parkinson’s and ALS Reveals emergence of adaptive brain glucometabolic responses and associated neurological functional profiles",ale_cbma;term_topic_maps;subtraction;space_transform
PMC13503705,42637769,10.1038/s41467-026-75841-9,2026,Nature Communications,Model-based semantic distance reveals adaptive coordination of distinct cognitive systems in flexible knowledge retrieval,decoding_own_map
PMC13285178,42338742,10.3389/fpsyt.2026.1776826,2026,Frontiers in Psychiatry,Motivational neurobehavioral abnormalities under a naturalistic goal-conflict task in patients with premenstrual dysphoric disorder,space_transform
PMC12849229,41614049,10.1162/IMAG.a.1104,2026,Imaging Neuroscience,Multi-modal brain data exploration software for imaging transcriptomics: A comparative evaluation and future directions,decoding_own_map;ibma
PMC12849227,41614048,10.1162/IMAG.a.1114,2026,Imaging Neuroscience,Neurosynth Compose: A web-based platform for flexible and reproducible neuroimaging meta-analysis,decoding_own_map;ale_cbma;term_topic_maps;ibma;db_fetch;space_transform
PMC13339880,42416189,10.31083/AP45940,2026,Alpha Psychiatry,Potential Targets for Scalp Acupuncture and Brain Stimulation in Mental Disorders: Evidence From Large-Scale Meta-Analyses,term_topic_maps;db_fetch
PMC13046795,41748813,10.1038/s41598-026-40818-7,2026,Scientific Reports,Sleep disorders and structural alterations in brain regions linked with motivation: a neuroimaging meta-analysis,ale_cbma;macm;space_transform
PMC13371736,42189603,10.1556/2006.2025.00563,2026,Journal of Behavioral Addictions,Striato-limbic and frontoparietal dysfunction underlying imbalance of reward-motivation and cognitive control in compulsive sexual behaviour disorder: A neuroimaging meta-analysis,decoding_own_map;term_topic_maps;ibma;db_fetch
PMC12874596,41619402,10.1016/j.nicl.2026.103950,2026,NeuroImage : Clinical,Structural brain alterations in anorexia nervosa: a global brain volume and anatomical likelihood estimation (ALE) meta-analysis combined with a functional decoding approach,decoding_own_map;ale_cbma;term_topic_maps
PMC12744277,41467210,10.1016/j.ynirp.2025.100306,2026,Neuroimage: Reports,"Using, misusing, and improving online machine learning-based meta-analysis of neuroimaging published data: A perspective on NeuroQuery",
PMC13266382,41086937,10.1016/j.neubiorev.2025.106418,2025,Neuroscience and biobehavioral reviews,A bias-accounting meta-analytic approach refines and expands the cerebellar behavioral topography,ale_cbma
PMC11565958,39553998,10.1101/2024.10.31.621398,2025,bioRxiv,A bias-accounting meta-analytic approach refines and expands the cerebellar behavioral topography,ale_cbma
PMC12368516,40838333,10.1002/hbm.70304,2025,Human Brain Mapping,Aberrant Modular Dynamics of Functional Networks in Schizophrenia and Their Relationship With Neurotransmitter and Gene Expression Profiles,
PMC11838238,39974915,10.1101/2025.01.25.634845,2025,bioRxiv,Aberrant Modular Dynamics of Functional Networks in Schizophrenia and Their Relationship with Neurotransmitter and Gene Expression Profiles,
PMC12589881,41138696,10.1016/j.nicl.2025.103890,2025,NeuroImage : Clinical,Abnormal myelin could be a mediator of childhood-trauma-induced depression: A quantitative synthetic MRI study,decoding_own_map
PMC12540767,41120434,10.1038/s41598-025-20328-8,2025,Scientific Reports,Advancing image-based meta-analysis through systematic use of crowdsourced NeuroVault data,ibma;db_fetch;diagnostics
PMC12776108,41509330,10.64898/2025.12.20.695692,2025,bioRxiv,Anatomical White Matter Tracts Span the Cortical Hierarchy to Support Cognitive Diversity,decoding_own_map;term_topic_maps
PMC12617318,41245222,10.52294/001c.138339,2025,Aperture neuro,Brain bases of real-time social interaction: A meta-analytic investigation of human neuroimaging studies,decoding_own_map;ale_cbma;macm;term_topic_maps;diagnostics;space_transform
PMC12720166,41438653,10.1162/IMAG.a.1057,2025,Imaging Neuroscience,CBMR: Coordinate-based meta-regression for group and covariate inference,ale_cbma;ibma;subtraction;db_fetch;space_transform
PMC12365125,40830090,10.1038/s41467-025-62793-9,2025,Nature Communications,Charting the spatial transcriptome of the human cerebral cortex at single-cell resolution,decoding_own_map
PMC11951985,40086409,10.1016/j.dcn.2025.101541,2025,Developmental Cognitive Neuroscience,Developmental decorrelation of local cortical activity through adolescence supports high-dimensional encoding and working memory,decoding_own_map
PMC11955685,40165833,10.3389/fnins.2025.1555553,2025,Frontiers in Neuroscience,Disruption of structural connectome hierarchy in age-related hearing loss,decoding_own_map
PMC12319910,40800773,10.1162/imag_a_00564,2025,Imaging Neuroscience,Dopamine alters functional gradients in Parkinson’s disease,decoding_own_map;term_topic_maps
PMC11831115,39899711,10.1073/pnas.2413808122,2025,Proceedings of the National Academy of Sciences of the United States of America,Evidence for domain-general arousal from semantic and neuroimaging meta-analyses reconciles opposing views on arousal,ale_cbma
PMC12085609,40382492,10.1038/s42003-025-08151-3,2025,Communications Biology,Functional divergence between the two cerebral hemispheres contributes to human fluid intelligence,decoding_own_map
PMC11836461,39966659,10.1038/s42003-025-07671-2,2025,Communications Biology,"GINNA, a 33 resting-state networks atlas with meta-analytic decoding-based cognitive characterization",term_topic_maps
PMC11838308,39975178,10.1101/2025.01.30.635751,2025,bioRxiv,Heterochronous laminar maturation in the human prefrontal cortex,decoding_own_map
PMC12634048,40946311,10.1016/j.celrep.2025.116265,2025,Cell reports,Human amygdala nuclei show distinct developmental trajectories from adolescence to adulthood in functional integration with prefrontal circuitry,decoding_own_map
PMC12321582,40615590,10.1038/s41593-025-01991-6,2025,Nature Neuroscience,Human thalamocortical structural connectivity develops in line with a hierarchical axis of cortical plasticity,decoding_own_map;term_topic_maps
PMC12875043,41138791,10.1016/j.neuroimage.2025.121554,2025,NeuroImage,"Image-Based Meta- and Mega-Analysis (IBMMA): A Unified Framework for Large-Scale, Multi-Site, Neuroimaging Data Analysis",term_topic_maps;ibma
PMC12262482,40667083,10.1101/2025.06.16.657725,2025,bioRxiv,"Image-Based Meta- and Mega-Analysis (IBMMA): A Unified Framework for Large-Scale, Multi-Site, Neuroimaging Data Analysis",term_topic_maps;ibma
PMC11828889,39952989,10.1038/s41598-025-86762-w,2025,Scientific Reports,Individual differences in wellbeing are supported by separable sets of co-active self- and visual-attention-related brain networks,decoding_own_map
PMC12270216,40678209,10.21203/rs.3.rs-6864753/v1,2025,Research Square,Lifespan investigation of brain volumetric changes associated with substance use disorders,decoding_own_map
PMC12148271,40492099,10.1101/2025.05.28.25328476,2025,medRxiv,Lifespan investigation of brain volumetric changes associated with substance use disorders,decoding_own_map
PMC12081935,40374710,10.1038/s41597-025-05159-6,2025,Scientific Data,"Lights, Camera, Emotion: REELMO’s 1060 Hours of Affective Reports to Explore Emotions in Naturalistic Contexts",decoding_own_map;term_topic_maps
PMC12394596,40877302,10.1038/s41531-025-01127-4,2025,NPJ Parkinson's Disease,Longitudinal non-negative matrix factorization identifies the altered trajectory of motor symptoms in Parkinson’s disease,decoding_own_map
PMC12425474,40934113,10.7554/eLife.94909.2.sa4,2025,eLife,Mining the neuroimaging literature,db_fetch
PMC12235576,40626604,10.1002/hbm.70279,2025,Human Brain Mapping,Neural Mechanisms of Feedback Processing and Regulation Recalibration During Neurofeedback Training,
PMC12319875,40800901,10.1162/imag_a_00457,2025,Imaging Neuroscience,Neural signatures of online and offline motor learning: An ALE meta-analysis,ale_cbma
PMC12259196,40661603,10.1101/2025.06.14.659706,2025,bioRxiv,NiCLIP: Neuroimaging contrastive language-image pretraining model for predicting text from brain activation images,decoding_own_map;term_topic_maps;ibma;db_fetch
PMC12057072,40329319,10.1186/s13020-025-01106-0,2025,Chinese Medicine,Potential scalp acupuncture and brain stimulation targets for common neurological disorders: evidence from neuroimaging studies,term_topic_maps;db_fetch
PMC12348618,40806034,10.3390/nu17152449,2025,Nutrients,Seeing Is Craving: Neural Dynamics of Appetitive Processing During Food-Cue Video Watching and Its Impact on Obesity,decoding_own_map
PMC12068380,40273521,10.1016/j.scitotenv.2025.179448,2025,The Science of the total environment,Sources and components of fine air pollution exposure and brain morphology in preadolescents,decoding_own_map
PMC12319947,40800800,10.1162/imag_a_00448,2025,Imaging Neuroscience,Structure–function coupling and decoupling during movie watching and resting state: Novel insights bridging EEG and structural imaging,decoding_own_map
PMC13218644,42222527,10.1016/j.avb.2025.102035,2025,Aggression and violent behavior,"The dark sides of the brain: A systematic review and meta-analysis of functional neuroimaging studies on trait aggression☆,☆☆",ale_cbma;macm
PMC11985154,40212594,10.1016/j.isci.2025.112016,2025,iScience,The neural correlates of logical-mathematical symbol systems processing resemble those of spatial cognition more than language processing,decoding_own_map;ibma
PMC12311063,40738968,10.1038/s42003-025-08492-z,2025,Communications Biology,The neuroreceptors and transporters underlying spontaneous brain activity,decoding_own_map
PMC12642441,41292740,10.1101/2025.11.12.688050,2025,bioRxiv,"The neuroscience of highly stable, positive, and refined states of consciousness during jhana-type advanced concentration absorption meditation (ACAM-J)",decoding_own_map
PMC12352662,40811438,10.1371/journal.pbio.3003268.r005,2025,PLOS Biology,Transfer of motor learning is associated with patterns of activity in the default mode network,decoding_own_map
PMC12287008,40708807,10.3389/fnhum.2025.1580808,2025,Frontiers in Human Neuroscience,Which software packages did researchers use to meta-analyze fMRI data? A literature survey from 2019 to 2024,ale_cbma;macm;ibma
PMC11195180,38915591,10.1101/2024.06.13.598749,2024,bioRxiv,A sensorimotor-association axis of thalamocortical connection development,decoding_own_map
PMC11092381,38745933,10.3389/fnins.2024.1385920,2024,Frontiers in Neuroscience,Altered asymmetry of functional connectome gradients in major depressive disorder,decoding_own_map
PMC10850089,38326334,10.1038/s41598-023-48710-4,2024,Scientific Reports,Brain gray matter morphometry relates to onset age of bilingualism and theory of mind in young and older adults,decoding_own_map
PMC11169346,38866977,10.1038/s43856-024-00541-8,2024,Communications Medicine,Distinct brain morphometry patterns revealed by deep learning improve prediction of post-stroke aphasia severity,decoding_own_map;term_topic_maps
PMC10915741,38445552,10.1002/hbm.26648,2024,Human Brain Mapping,Dynamic threat–reward neural processing under semi‐naturalistic ecologically relevant scenarios,ale_cbma
PMC12290583,40800256,10.1162/imag_a_00355,2024,Imaging Neuroscience,Elucidating a statistical learning brain network: Coordinate-based meta-analyses and functional connectivity profiles of artificial grammar learning in healthy adults,ale_cbma;macm;space_transform
PMC11875018,38704057,10.1016/j.neuroimage.2024.120633,2024,NeuroImage,Gaming expertise induces meso-scale brain plasticity and efficiency mechanisms as revealed by whole-brain modeling,
PMC10881588,38383572,10.1038/s42003-024-05862-x,2024,Communications Biology,Higher handgrip strength is linked to higher salience ventral attention functional network segregation in older adults,decoding_own_map;term_topic_maps
PMC11324790,39143303,10.1038/s42003-024-06669-6,2024,Communications Biology,"Integrative, segregative, and degenerate harmonics of the structural connectome",decoding_own_map;term_topic_maps
PMC12224442,40800315,10.1162/imag_a_00081,2024,Imaging Neuroscience,Methods for decoding cortical gradients of functional connectivity,decoding_own_map;term_topic_maps;db_fetch
PMC10911114,38436603,10.1002/hbm.26620,2024,Human Brain Mapping,Neuroscience meets behavior: A systematic literature review on magnetic resonance imaging of the brain combined with real‐world digital phenotyping,
PMC11271959,39052540,10.1371/journal.pcbi.1012252,2024,PLOS Computational Biology,Nine quick tips for open meta-analyses,
PMC12290584,40800439,10.1162/imag_a_00271,2024,Imaging Neuroscience,The engagement of the cerebellum and basal ganglia enhances expertise in a sensorimotor adaptation task,term_topic_maps
PMC12330379,40800380,10.1162/imag_a_00372,2024,Imaging Neuroscience,VertexWiseR: A package for simplified vertex-wise analyses of whole-brain and hippocampal surfaces in R,decoding_own_map
PMC10715099,36513290,10.1016/j.neuroimage.2022.119807,2023,NeuroImage,BrainStat: A toolbox for brain-wide statistics and multimodal feature associations,decoding_own_map;term_topic_maps
PMC11519206,37528293,10.3758/s13428-023-02185-3,2023,Behavior Research Methods,CBMAT: a MATLAB toolbox for data preparation and post hoc analyses in neuroimaging meta-analyses,diagnostics
PMC10371225,37440423,10.7554/eLife.83843.sa2,2023,eLife,Cerebral chemoarchitecture shares organizational traits with brain structure and function,
PMC10350198,37461696,10.21203/rs.3.rs-3126126/v1,2023,Research Square,Distinct brain morphometry patterns revealed by deep learning improve prediction of aphasia severity,decoding_own_map;term_topic_maps
PMC10705274,38077041,10.1101/2023.08.21.554072,2023,bioRxiv,"Gaming expertise induces meso-scale brain plasticity and efficiency mechanisms as revealed by whole-brain modeling Gaming expertise, neuroplasticity and functional dynamics",
PMC9915604,36778322,10.1101/2023.02.02.526818,2023,bioRxiv,Graded functional organisation in the left inferior frontal gyrus: evidence from task-free and task-based functional connectivity,decoding_own_map;ale_cbma;macm;term_topic_maps;subtraction
PMC10690868,37833772,10.1093/cercor/bhad373,2023,"Cerebral Cortex (New York, NY)",Graded functional organization in the left inferior frontal gyrus: evidence from task-free and task-based functional connectivity,decoding_own_map;ale_cbma;macm;term_topic_maps;subtraction
PMC10485902,37693210,10.1093/pnasnexus/pgad276,2023,PNAS Nexus,Investigating the heterogeneity within the somatosensory-motor network and its relationship with the attention and default systems,decoding_own_map;term_topic_maps;subtraction
PMC10418206,37577598,10.1101/2023.08.01.551505,2023,bioRxiv,Methods for decoding cortical gradients of functional connectivity,decoding_own_map;term_topic_maps;db_fetch
PMC9843621,36436737,10.1016/j.neubiorev.2022.104971,2023,Neuroscience and biobehavioral reviews,Neural systems underlying RDoC social constructs: An activation likelihood estimation meta-analysis,ale_cbma;space_transform
PMC10406318,37555176,10.3389/fnimg.2022.1074674,2023,Frontiers in Neuroimaging,Systems-level decoding reveals the cognitive and behavioral profile of the human intraparietal sulcus,decoding_own_map;term_topic_maps
PMC10725945,38111796,10.3389/fneur.2023.1264322,2023,Frontiers in Neurology,The involvement of brain regions associated with lower KPS and shorter survival time predicts a poor prognosis in glioma,decoding_own_map;ibma
PMC9758575,35193146,10.1093/cercor/bhac053,2023,"Cerebral Cortex (New York, NY)",Whole-brain connectivity during encoding: age-related differences and associations with cognitive and brain structural decline,term_topic_maps
PMC10516793,36547707,10.1007/s00429-022-02603-w,2022,Brain Structure & Function,Characterizing functional modules in the human thalamus: coactivation-based parcellation and systems-level functional decoding,decoding_own_map;macm;term_topic_maps
PMC9374884,35535616,10.1002/hbm.25898,2022,Human Brain Mapping,Evaluation of thresholding methods for activation likelihood estimation meta‐analysis via large‐scale simulations,ale_cbma
PMC9472396,36100907,10.1186/s12993-022-00196-2,2022,Behavioral and Brain Functions : BBF,Extended functional connectivity of convergent structural alterations among individuals with PTSD: a neuroimaging meta-analysis,decoding_own_map;ale_cbma;macm;term_topic_maps;ibma;space_transform
PMC9653422,36371447,10.1038/s41598-022-21801-4,2022,Scientific Reports,Meta-analysis of the functional neuroimaging literature with probabilistic logic programming,
PMC9489206,36040302,10.7554/eLife.79277.sa2,2022,eLife,"Neuroscout, a unified platform for generalizable and reproducible fMRI research",ibma
PMC8921068,35308059,10.1007/s41109-022-00454-2,2022,Applied Network Science,Ranking of communities in multiplex spatiotemporal models of brain dynamics,subtraction
PMC9636420,36333448,10.1038/s42003-022-04126-w,2022,Communications Biology,Relay and higher-order thalamic nuclei show an intertwined functional association with cortical-networks,decoding_own_map;term_topic_maps
PMC9640636,36386969,10.3389/fpsyt.2022.969206,2022,Frontiers in Psychiatry,The origins of evil: From lesions to the functional architecture of the antisocial brain,ale_cbma;macm
PMC8321290,34460716,10.3390/jimaging7030060,2021,Journal of Imaging,An Ontological Framework to Facilitate Early Detection of ‘Radicalization’ (OFEDR)—A Three World Perspective,
PMC8764475,34734458,10.1002/hbm.25702,2021,Human Brain Mapping,Dysregulated anterior insula reactivity as robust functional biomarker for chronic pain—Meta‐analytic evidence from neuroimaging studies,decoding_own_map
PMC8511211,34400176,10.1016/j.neubiorev.2021.08.010,2021,Neuroscience and biobehavioral reviews,The cue-reactivity paradigm: An ensemble of networks driving attention and cognition when viewing drug and natural reward-related stimuli,ale_cbma;macm;ibma;space_transform
PMC6530419,31156374,10.3389/fnins.2019.00494,2019,Frontiers in Neuroscience,"Automated, Efficient, and Accelerated Knowledge Modeling of the Cognitive Neuroimaging Literature Using the ATHENA Toolkit",
